{
  "Name": "DARKER_THEME",
  "Text": {
    "X": 1.0,
    "Y": 1.0,
    "Z": 1.0,
    "W": 1.0
  },
  "WindowBg": {
    "X": 0.05907172,
    "Y": 0.059071127,
    "Z": 0.059071127,
    "W": 0.94
  },
  "ChildBg": {
    "X": 0.10126585,
    "Y": 0.101264834,
    "Z": 0.101264834,
    "W": 0.0
  },
  "Border": {
    "X": 0.0,
    "Y": 0.0,
    "Z": 0.0,
    "W": 0.5
  },
  "PopupBg": {
    "X": 0.033755302,
    "Y": 0.033754963,
    "Z": 0.033754963,
    "W": 0.94
  },
  "FrameBg": {
    "X": 0.15611815,
    "Y": 0.15611659,
    "Z": 0.15611659,
    "W": 0.4
  },
  "FrameBgHovered": {
    "X": 0.0,
    "Y": 0.0,
    "Z": 0.0,
    "W": 0.0
  },
  "FrameBgActive": {
    "X": 0.42,
    "Y": 0.42,
    "Z": 0.42,
    "W": 0.67
  },
  "TitleBg": {
    "X": 0.033755302,
    "Y": 0.033754963,
    "Z": 0.033754963,
    "W": 1.0
  },
  "TitleBgActive": {
    "X": 0.0843882,
    "Y": 0.084387355,
    "Z": 0.084387355,
    "W": 1.0
  },
  "CheckMark": {
    "X": 0.37,
    "Y": 0.53,
    "Z": 0.71,
    "W": 1.0
  },
  "ButtonActive": {
    "X": 0.53,
    "Y": 0.54,
    "Z": 0.54,
    "W": 1.0
  },
  "Button": {
    "X": 0.16033757,
    "Y": 0.16033596,
    "Z": 0.16033596,
    "W": 1.0
  },
  "Header": {
    "X": 1E-06,
    "Y": 9.9999E-07,
    "Z": 9.9999E-07,
    "W": 0.31
  },
  "HeaderHovered": {
    "X": 0.46,
    "Y": 0.46,
    "Z": 0.46,
    "W": 0.8
  },
  "HeaderActive": {
    "X": 0.25,
    "Y": 0.25,
    "Z": 0.25,
    "W": 1.0
  },
  "SeparatorHovered": {
    "X": 0.82,
    "Y": 0.82,
    "Z": 0.82,
    "W": 0.78
  },
  "SeparatorActive": {
    "X": 0.53,
    "Y": 0.53,
    "Z": 0.53,
    "W": 1.0
  },
  "Separator": {
    "X": 0.10548526,
    "Y": 0.1054842,
    "Z": 0.1054842,
    "W": 1.0
  },
  "Tab": {
    "X": 1E-06,
    "Y": 9.9999E-07,
    "Z": 9.9999E-07,
    "W": 0.86
  },
  "TabHovered": {
    "X": 0.10126585,
    "Y": 0.101264834,
    "Z": 0.101264834,
    "W": 0.8
  },
  "TabActive": {
    "X": 0.21097046,
    "Y": 0.21096835,
    "Z": 0.21096835,
    "W": 1.0
  },
  "TabUnfocused": {
    "X": 0.12,
    "Y": 0.12,
    "Z": 0.12,
    "W": 0.98
  },
  "TabUnfocusedActive": {
    "X": 0.0843882,
    "Y": 0.084387355,
    "Z": 0.084387355,
    "W": 1.0
  },
  "DockingPreview": {
    "X": 0.34,
    "Y": 0.34,
    "Z": 0.34,
    "W": 0.7
  },
  "DockingEmptyBg": {
    "X": 0.0,
    "Y": 0.0,
    "Z": 0.0,
    "W": 0.0
  },
  "TextSelectedBg": {
    "X": 0.24,
    "Y": 0.45,
    "Z": 0.68,
    "W": 0.35
  },
  "NavHighlight": {
    "X": 0.4,
    "Y": 0.4,
    "Z": 0.4,
    "W": 0.0
  },
  "Error": {
    "X": 1.0,
    "Y": 0.3,
    "Z": 0.3,
    "W": 1.0
  },
  "Warning": {
    "X": 1.0,
    "Y": 1.0,
    "Z": 0.3,
    "W": 1.0
  }
}